method,x,runs,runs_completed,completion_rate_percent,completion_ci_low,completion_ci_high,uav_completion_rate_percent,collision_rate_percent,collision_ci_high,dcrit_violation_rate_percent,success_rate_percent,success_ci_low,worst_dmin_all_m,worst_dmin_completed_m,mean_dmin_all_m,mean_dmin_completed_m,ci95_dmin_completed_m,margin_to_dcrit_m,mean_elongation_completed,ci95_elongation_completed,max_elongation_completed,mean_lateral_error_completed_m,ci95_lateral_error_completed_m,max_lateral_error_completed_m,mean_lateral_rmse_completed_m,ci95_lateral_rmse_completed_m,max_lateral_rmse_completed_m,mean_max_path_deviation_completed_m,ci95_max_path_deviation_completed_m,mean_mission_time_completed_s,ci95_mission_time_completed_s,worst_mission_time_completed_s,mean_information_age_s,max_information_age_s,dmin_drop_m,dmin_drop_ci_low_m,dmin_drop_ci_high_m,degradacao,comparavel
apf,0.0,100,100,100.0,96.30051925239981,99.99999999999999,100.0,0.0,3.699480747600191,0.0,100.0,96.30051925239981,4.181909644612524,4.181909644612524,5.012860729842567,5.012860729842567,0.06024142105738486,1.0128607298425667,1.4406853447994155,0.015371401748654904,1.706408724460233,3.9420463709279305,0.06291429235255873,4.496655861147507,5.110118788495456,0.049231707505768135,5.512405417395513,8.68764471802826,0.05242097984734758,150.67499999999998,3.2454273769732005,192.75,0.0,0.0,0.0,-0.08467043871587623,0.08467043871587623,não,True
orca_nd08,0.0,100,100,100.0,96.30051925239981,99.99999999999999,100.0,0.0,3.699480747600191,0.0,100.0,96.30051925239981,3.9998968866906934,3.9998968866906934,3.9999966541456207,3.9999966541456207,2.786393785616117e-06,-3.345854379332991e-06,1.0876656621712144,0.0031999573705764075,1.1306608905435005,1.534043884508909,0.03373767692030492,2.1231435820953233,1.902231157479166,0.024714575027778907,2.465701033222826,3.8243033426398574,0.053270066104840086,258.99899999999997,17.43503159194885,594.0,0.0,0.0,0.0,-3.916328335591052e-06,3.916328335591052e-06,não,True
orca_nd18,0.0,100,100,100.0,96.30051925239981,99.99999999999999,100.0,0.0,3.699480747600191,0.0,100.0,96.30051925239981,3.9999985791058,3.9999985791058,3.999999383133701,3.999999383133701,8.595159354414136e-08,-6.168662989303186e-07,1.0523860983901259,0.0023485115928706204,1.0881558943477303,1.6373647369021558,0.058897088099661855,2.2856873520430985,2.015100116902948,0.04329458857818253,2.530712841741734,3.816260101718509,0.03753583302255658,236.505,23.480909087781086,695.4,0.0,0.0,0.0,-1.208065647518284e-07,1.208065647518284e-07,não,True
orca_nd26,0.0,100,100,100.0,96.30051925239981,99.99999999999999,100.0,0.0,3.699480747600191,0.0,100.0,96.30051925239981,3.999998531454398,3.999998531454398,3.999999768909947,3.999999768909947,7.82113187145811e-08,-2.3109005287125228e-07,1.0332610975123875,0.0013270020681736717,1.0546572128989213,1.4285604571436326,0.03326820280811219,1.9016592569885564,1.830642221941114,0.02917638825335687,2.2458676417226338,3.640934223930082,0.03262258539671601,151.87199999999999,7.740629459069504,279.15,0.0,0.0,0.0,-1.0992746439036738e-07,1.0992746439036738e-07,não,True
apf,10.0,100,100,100.0,96.30051925239981,99.99999999999999,100.0,0.0,3.699480747600191,0.0,100.0,96.30051925239981,4.223196476956839,4.223196476956839,4.998261855384007,4.998261855384007,0.06503053724702115,0.9982618553840066,1.439480584865637,0.014226941271421614,1.686181091149513,3.9914110505395453,0.06007018950852685,4.557423571846419,5.151618495096459,0.04810439175587526,5.548664873035247,8.74011273933149,0.05520068761865675,149.1705,3.2143742699458535,201.9,0.016611602947209626,0.8999999999999999,0.014598874458560118,-0.07350462760846818,0.10270237652558842,não,True
orca_nd08,10.0,100,25,25.0,17.54509400372426,34.30464637007583,25.0,0.0,3.699480747600191,0.0,25.0,17.54509400372426,3.9912910573910794,3.9912910573910794,3.998286275791502,3.99577555206229,0.0005982692999217255,-0.004224447937709819,1.0761064349617269,0.004550527075151741,1.1020604355855,1.475551047793305,0.05779559059929409,1.863129749964567,1.955973614214616,0.04878035800650611,2.229450084531167,3.8494571293367636,0.055588926219464804,177.828,13.926431250869006,283.05,0.016645978321427196,1.2,0.004221102083330486,0.0036228272491214525,0.0048193769175395185,mínima,False
orca_nd18,10.0,100,56,56.00000000000001,46.227927711256314,65.32813459903167,56.1,0.0,3.699480747600191,0.0,56.00000000000001,46.227927711256314,3.991684941399778,3.991684941399778,3.997782640096665,3.996077962677906,0.0003665553747358038,-0.003922037322094063,1.0483136883454747,0.003703193701237379,1.0940411042905918,1.3817156765431717,0.046419649106886035,1.9599860506823568,1.8390930980635256,0.03192849960232812,2.2633779925038766,3.782108826841575,0.05107129404801185,178.81875,32.25397328975704,620.25,0.016632526068651107,1.05,0.003921420455795133,0.0035548650717039817,0.004287975839886284,mínima,True
orca_nd26,10.0,100,90,90.0,82.56326956323346,94.4771458386864,90.0,0.0,3.699480747600191,0.0,90.0,82.56326956323346,3.991468031597295,3.991468031597295,3.996335881537019,3.995934308967178,0.0003114912999923518,-0.004065691032821839,1.03861324673673,0.002543379270799645,1.0800925314783831,1.4497496649614645,0.04564457110702791,2.1297988288584087,1.852986102600793,0.03758760033723994,2.4494452864010565,3.655947123769691,0.03462114963179607,164.47666666666666,13.74323851274557,514.8,0.01662032439483186,0.8999999999999999,0.0040654599427689675,0.0037539686334730356,0.004376951252064899,mínima,True
apf,20.0,100,100,100.0,96.30051925239981,99.99999999999999,100.0,0.0,3.699480747600191,0.0,100.0,96.30051925239981,4.136468245145483,4.136468245145483,4.962423339161935,4.962423339161935,0.06607440249193522,0.9624233391619352,1.451399154922395,0.014740174486778033,1.6502948801604578,3.9329542629136944,0.0580229476066178,4.520834569431147,5.10564148333292,0.0462955151861255,5.534264923959095,8.66971411510604,0.05094839501681675,152.43449999999999,3.3092644590535434,197.85,0.037413806212652084,1.3499999999999999,0.050437390680631466,-0.03843146641340407,0.139306247774667,não,True
orca_nd08,20.0,100,24,24.0,16.691211265459966,33.23251872329213,24.0,0.0,3.699480747600191,0.0,24.0,16.691211265459966,3.990578517972763,3.990578517972763,3.99811052226442,3.996074560808581,0.0006647765761935398,-0.003925439191418967,1.0792009218808836,0.0037147063572741303,1.099365942353989,1.4293902934739302,0.05024987734276106,1.8115097343021531,1.8728297858928329,0.04017899697551959,2.063124136510511,3.767786393308201,0.06803272778886073,214.025,19.881582829234482,388.5,0.03746934580226881,1.5,0.003922093337039634,0.003257311818549221,0.0045868748555300464,mínima,False
orca_nd18,20.0,100,46,46.0,36.56064385333187,55.73531460647615,46.2,0.0,3.699480747600191,0.0,46.0,36.56064385333187,3.988991035678217,3.988991035678217,3.9978309289154583,3.9953307144476033,0.0005465297595049696,-0.0046692855523966514,1.0463319964487028,0.002251370505714432,1.074425310046659,1.3241062326881465,0.02955790182822924,1.6960999402999815,1.8053709013326416,0.02930390762351873,2.1111941815403843,3.748189858885222,0.05842607530470193,144.37173913043478,6.387893015632944,266.7,0.037482029880256944,1.95,0.004668668686097721,0.00412213892039773,0.005215198451797712,mínima,True
orca_nd26,20.0,100,90,90.0,82.56326956323346,94.4771458386864,90.0,0.0,3.699480747600191,0.0,90.0,82.56326956323346,3.9902474746745957,3.9902474746745957,3.996235887550183,3.995821156707382,0.0003461004838132709,-0.004178843292617973,1.038019909330739,0.0019645203629016406,1.0773806070323064,1.403777119257423,0.03892890926780291,2.1782378181513704,1.8092724534682334,0.031787101357069567,2.4449688806875334,3.6513996039982204,0.03423440294450041,159.655,10.19949853074073,372.3,0.03743806510515089,1.3499999999999999,0.004178612202565102,0.0038325117103785856,0.0045247126947516175,mínima,True
apf,30.0,100,100,100.0,96.30051925239981,99.99999999999999,100.0,0.0,3.699480747600191,0.0,100.0,96.30051925239981,4.113138113544012,4.113138113544012,4.982066094119031,4.982066094119031,0.07031193078459824,0.9820660941190313,1.448774007950413,0.01451544335601435,1.6725608760070259,3.9553322942403937,0.05689732320176938,4.485103049551664,5.119664873647672,0.04703605683828285,5.5147022803284305,8.670816094038637,0.05403650134035557,151.1655,3.038025941112023,201.45,0.06408996143512488,1.95,0.030794635723535357,-0.061238808264528696,0.12282807971159941,não,True
orca_nd08,30.0,100,17,17.0,10.893476059773155,25.548181233642975,18.0,0.0,3.699480747600191,0.0,17.0,10.893476059773155,3.988654644837581,3.988654644837581,3.997435469020997,3.9949685893320463,0.0009974115333517722,-0.005031410667953651,1.0884338958285233,0.0055001287914027315,1.1102960691273305,1.4407315915822518,0.06640360259158498,1.686612144975476,1.8678016632640144,0.04812330691959692,2.022730035616139,3.8055873616205727,0.08178701788804012,249.89117647058822,32.48390620363221,369.75,0.06424355861358629,2.25,0.005028064813574318,0.004030650281878704,0.006025479345269932,mínima,False
orca_nd18,30.0,100,44,44.0,34.67186540096833,53.7720722887437,44.0,0.0,3.699480747600191,0.0,44.0,34.67186540096833,3.982890869272664,3.982890869272664,3.99803923364303,3.995553205662847,0.0008089433549339943,-0.004446794337153115,1.0470539175882423,0.0024159524079018203,1.078673719233573,1.3320833571082547,0.04666139087505058,2.0683793557393373,1.798511832735513,0.03998869463647818,2.211378023704408,3.703416492731776,0.06254887331388706,157.8375,23.051886850169343,641.85,0.06415918884029456,2.25,0.004446177470854185,0.003637234111748881,0.0052551208299594886,mínima,True
orca_nd26,30.0,100,84,84.0,75.57955544110557,89.90479765052628,84.0,0.0,3.699480747600191,0.0,84.0,75.57955544110557,3.9873718576240913,3.9873718576240913,3.996289169032607,3.9955853163321864,0.00035822051788969827,-0.0044146836678136125,1.038619494923029,0.0018125079302425495,1.0635447277184322,1.361116673508045,0.0431955479630708,2.2773951596296724,1.7613489961168893,0.03598025904922606,2.5120233716297284,3.578031206253562,0.04148328024930976,162.6535714285714,10.56832705628018,385.05,0.064105532731247,1.95,0.004414452577760741,0.0040562320517996174,0.004772673103721865,mínima,True
apf,40.0,100,100,100.0,96.30051925239981,99.99999999999999,100.0,0.0,3.699480747600191,0.0,100.0,96.30051925239981,4.122482714114402,4.122482714114402,4.916630037653473,4.916630037653473,0.0662257780197654,0.9166300376534728,1.4500229910449378,0.014505342626856885,1.7191874421249622,3.912373465382165,0.0510642226840192,4.48044566272021,5.090943806265131,0.04304721179988736,5.497340273443914,8.647092486601501,0.05143635726707648,152.76,2.9088610665548957,193.35,0.09973380771415628,2.25,0.09623069218909386,0.007250365445620757,0.18521101893256697,mínima,True
orca_nd08,40.0,100,26,26.0,18.40457812698646,35.37117263186163,26.9,0.0,3.699480747600191,0.0,26.0,18.40457812698646,3.9870398553072643,3.9870398553072643,3.9963561316389837,3.994920842172629,0.0009226634453780049,-0.005079157827371006,1.087679291839911,0.00414593090639751,1.1146168353759216,1.4178172741914856,0.046228554862173137,1.638804529440233,1.8375264377943887,0.03715348707810481,2.0229813174259186,3.7852967787999012,0.05884198380792343,246.15,14.667283999508589,315.3,0.09998826862052401,2.85,0.005075811972991673,0.004153144914112587,0.005998479031870759,mínima,False
orca_nd18,40.0,100,49,49.0,39.42183009238615,58.65215952256586,49.0,0.0,3.699480747600191,0.0,49.0,39.42183009238615,3.9864525781094913,3.9864525781094913,3.9976443635291776,3.995202406347685,0.0006058708536888019,-0.004797593652314802,1.0483560782277774,0.00239837767980241,1.080163076508721,1.2952924157496781,0.03390853857382908,1.7031630746820716,1.7614077106917092,0.033387384593576284,2.10454600496615,3.6798881853556407,0.04580690112506667,156.03979591836733,5.1158429938924375,228.29999999999998,0.09981182696916124,2.85,0.004796976786015872,0.004191105926713807,0.005402847645317937,mínima,True
orca_nd26,40.0,100,83,83.0,74.45181876635702,89.10652394022685,83.0,0.0,3.699480747600191,0.0,83.0,74.45181876635702,3.981164342566027,3.981164342566027,3.9963102679065448,3.995557879747481,0.0005566189267360583,-0.004442120252519111,1.0403557594279367,0.0018006749474311367,1.0727048497721863,1.3518408696719337,0.028401825969091698,1.893484847334857,1.7518167063666952,0.02412278680589041,2.131787315664449,3.5996950809648824,0.033050278516841176,169.30481927710844,14.014734006999047,614.1,0.09979948106937396,2.85,0.004441889162466239,0.0038852702305378598,0.0049985080943946185,mínima,True
apf,50.0,100,100,100.0,96.30051925239981,99.99999999999999,100.0,0.0,3.699480747600191,0.0,100.0,96.30051925239981,4.298957801499191,4.298957801499191,4.932077854696752,4.932077854696752,0.06538943452615924,0.9320778546967521,1.4555201822836024,0.012166786359793964,1.6607766503665224,3.9452500279800167,0.0536948683935622,4.580802885400442,5.121512497624669,0.043470729829084745,5.5575363478397115,8.676603345201208,0.04696447671146035,152.4825,2.4310959786502795,190.95,0.14945236402640458,3.4499999999999997,0.08078287514581461,-0.007583108357684623,0.16914885864931384,não,True
orca_nd08,50.0,100,26,26.0,18.40457812698646,35.37117263186163,27.2,0.0,3.699480747600191,0.0,26.0,18.40457812698646,3.9818716815823834,3.9818716815823834,3.994226006921383,3.9924197100250995,0.0012554915693067086,-0.007580289974900456,1.0827875728387812,0.003823438817102966,1.1045115697814711,1.4867336474359383,0.07679420330131886,2.1603759581872857,1.8740441356965858,0.05777437328892329,2.2632521565762715,3.7714114648057673,0.08029128769477496,308.8384615384615,93.0483185008456,1401.6,0.14985195950300018,3.75,0.007576944120521123,0.006321449895644694,0.008832438345397552,mínima,False
orca_nd18,50.0,100,51,51.0,41.34784047743415,60.578169907613855,51.2,0.0,3.699480747600191,0.0,51.0,41.34784047743415,3.975314137690284,3.975314137690284,3.9969583437212033,3.994072449939996,0.0010533774126518923,-0.005927550060004005,1.0544401025264618,0.0027699674031411957,1.084926901455114,1.3671775905611707,0.038398155287217885,1.7816385079402246,1.823646443578941,0.0362180649432923,2.2234132725883953,3.7293053204912185,0.053295080502581985,172.58529411764704,8.448430311573583,271.65,0.14962982214387907,3.5999999999999996,0.005926933193705075,0.00487355577781607,0.00698031060959408,mínima,True
orca_nd26,50.0,100,83,83.0,74.45181876635702,89.10652394022685,83.0,0.0,3.699480747600191,0.0,83.0,74.45181876635702,3.982586515223664,3.982586515223664,3.995146977860915,3.994156255162641,0.0006386790347065954,-0.005843744837358944,1.0403695573830898,0.0016447438499676487,1.066227018165868,1.2930275441045032,0.020410959134983905,1.6310149823338425,1.6944112273039345,0.016829523542044426,1.9325505068054127,3.5553424254685737,0.029562869541481317,164.19939759036143,8.348407275745949,330.0,0.1497209078879726,3.75,0.005843513747306073,0.005204834708074287,0.006482192786537859,mínima,True
apf,60.0,100,100,100.0,96.30051925239981,99.99999999999999,100.0,0.0,3.699480747600191,1.0,100.0,96.30051925239981,3.945528091052462,3.945528091052462,4.859775974479894,4.859775974479894,0.06267805843785512,0.8597759744798941,1.4745317811787315,0.0137466515238153,1.743965141618282,3.9369293773588074,0.053542551710178334,4.58182136115181,5.11551754013369,0.045119341589576534,5.58009953557892,8.667829997230614,0.0485000272175471,156.255,2.8597062357897807,202.35,0.22424465281536554,4.35,0.15308475536267263,0.06668414210584273,0.23948536861950254,relevante,True
orca_nd08,60.0,100,29,28.999999999999996,21.014706973984147,38.539074940007936,30.4,0.0,3.699480747600191,0.0,28.999999999999996,21.014706973984147,3.9598560642886116,3.9598560642886116,3.99073797496061,3.98863727989588,0.002847363092329647,-0.011362720104119983,1.0832292917899708,0.004051536666090216,1.1106838490403121,1.4635833145922874,0.046646832021724725,1.7036908847194472,1.8500179091091342,0.03730705105642422,2.0487282340547672,3.815615293134228,0.05171056976689489,302.4362068965517,45.11089526962008,826.35,0.2247615771058981,4.5,0.01135937424974065,0.00851200996624898,0.014206738533232321,mínima,False
orca_nd18,60.0,100,58,57.99999999999999,48.20630799889527,67.2017750814887,58.0,0.0,3.699480747600191,0.0,57.99999999999999,48.20630799889527,3.9821272715309655,3.9821272715309655,3.9957639843166923,3.9928132538272485,0.000952172577059422,-0.007186746172751501,1.0559063864026614,0.0024088671909394312,1.0747780341153441,1.368709592115211,0.045634770368515334,2.0512380983229432,1.8088331958777608,0.03530610732019114,2.2236172583121,3.717833439203491,0.04975785480558442,198.67499999999998,24.126793583328926,660.0,0.22452311052528517,4.5,0.007186129306452571,0.006233956725784602,0.00813830188712054,mínima,True
orca_nd26,60.0,100,80,80.0,71.11690380734977,86.66340774409012,80.1,0.0,3.699480747600191,0.0,80.0,71.11690380734977,3.9687421767603066,3.9687421767603066,3.9930440069367945,3.9913346045040576,0.001248295683451505,-0.008665395495942363,1.042080208044569,0.0017801953291147008,1.0686716176340278,1.2787936941366618,0.023214661921617318,1.6351564053309375,1.6872378716322338,0.02192872933716717,2.0263087424039186,3.541157445948342,0.0444177897904435,164.308125,9.427100318203632,373.95,0.22451492901978642,4.5,0.008665164405889492,0.007416868720125769,0.009913460091653213,mínima,True
apf,70.0,100,100,100.0,96.30051925239981,99.99999999999999,100.0,0.0,3.699480747600191,0.0,100.0,96.30051925239981,4.194525678376434,4.194525678376434,4.857228988279373,4.857228988279373,0.058804139987754724,0.8572289882793731,1.5064812567924246,0.017324695290363124,1.9649195582227503,3.977567329542218,0.048558795057998615,4.665018784548303,5.142862484488212,0.03915818563290528,5.629371236188561,8.627056769236846,0.04312885879792897,159.513,3.1816482480209287,249.0,0.34869106701661334,6.3,0.1556317415631936,0.07196496840352953,0.23929851472285765,relevante,True
orca_nd08,70.0,100,31,31.0,22.779563206132377,40.62623947795569,32.5,0.0,3.699480747600191,3.0,31.0,22.779563206132377,3.938716382831506,3.938716382831506,3.980967603927991,3.9762864633649526,0.0054838149871462545,-0.023713536635047383,1.0762052269010731,0.0028766577717864103,1.087715752225846,1.405826790693354,0.041185894973797474,1.683929492741997,1.8129653046917953,0.039482221901394714,2.0617679565540863,3.713862838313869,0.07434471594530917,256.51451612903224,15.219788351072232,388.2,0.34964777564684846,7.35,0.02371019078066805,0.018226375169380235,0.029194006391955865,mínima,True
orca_nd18,70.0,100,54,54.0,44.264685393523855,63.439356146668146,54.4,0.0,3.699480747600191,0.0,54.0,44.264685393523855,3.9518854764981244,3.9518854764981244,3.99291406639965,3.9870639905948173,0.0025791574993505365,-0.012936009405182691,1.0535290443494165,0.0019223797233935754,1.0681743108768007,1.323404001017872,0.03995642353870677,1.8435070181104636,1.754321492937092,0.030604596366401376,2.0710787057801356,3.6664263715012733,0.04318934559770315,210.2888888888889,37.37327435333247,963.15,0.34929243705488183,6.45,0.012935392538883761,0.010356235038206436,0.015514550039561086,mínima,True
orca_nd26,70.0,100,92,92.0,85.00173312059694,95.89070305141891,92.0,0.0,3.699480747600191,1.0,92.0,85.00173312059694,3.946409285399469,3.946409285399469,3.98892255377898,3.9879598290803955,0.0019706926833374517,-0.01204017091960452,1.0436221844385971,0.0015286928335514168,1.0684787662348525,1.2690365231286846,0.022661455979489924,1.7934527557380755,1.6764982780867481,0.022548081640355308,2.152812075548423,3.56808579155124,0.03761053699452116,171.07989130434783,9.006911935130706,410.4,0.34896317667649235,6.45,0.012039939829551649,0.010069247144742638,0.01401063251436066,mínima,True
apf,80.0,100,100,100.0,96.30051925239981,99.99999999999999,100.0,0.0,3.699480747600191,0.0,100.0,96.30051925239981,4.027997009749619,4.027997009749619,4.761185016627974,4.761185016627974,0.0669008041027622,0.7611850166279739,1.5781645531969357,0.025736327032448818,2.2539656640196926,4.00307749799453,0.05681662366090308,4.637577665613134,5.15425279478928,0.04649403542193958,5.668815065158563,8.592513219131845,0.046579436279687685,168.792,4.282341385972473,274.65,0.5969073055385395,9.9,0.2516757132145928,0.16219684848755145,0.3411545779416342,relevante,True
orca_nd08,80.0,100,51,51.0,41.34784047743415,60.578169907613855,53.5,0.0,3.699480747600191,21.0,51.0,41.34784047743415,3.864959620182808,3.8767756984579127,3.9603899062768044,3.956656072850707,0.007424884372787534,-0.04334392714929303,1.0739763616036269,0.002009823099264639,1.0906071380995077,1.3604754376670007,0.04093676132333783,1.811766141483106,1.7811274842879596,0.03650795760141766,2.2215484234819494,3.7077589046585486,0.05539889183205356,245.43235294117648,10.829630372426221,400.34999999999997,0.5990228889642842,11.25,0.043340581294913694,0.03591569643947961,0.05076546615034778,mínima,True
orca_nd18,80.0,100,64,64.0,54.235219981162096,72.72892540950986,64.9,0.0,3.699480747600191,5.0,64.0,54.235219981162096,3.911998049867266,3.911998049867266,3.985671702703765,3.9781366829434543,0.004418452326492489,-0.02186331705654565,1.054001523269499,0.0022784261487062544,1.0799063701198133,1.2761479047921536,0.03262097853122904,1.9700972484394252,1.7143626546060589,0.026018257937132933,2.153429665229784,3.695201960236896,0.04129472822575114,216.80625,35.78607465315752,1142.25,0.5977794650181324,11.1,0.02186270019024672,0.01744424786297266,0.02628115251752078,mínima,True
orca_nd26,80.0,100,93,93.0,86.25032899347025,96.5681175635936,93.5,0.0,3.699480747600191,8.0,93.0,86.25032899347025,3.9034710535719377,3.9034710535719377,3.977421032132727,3.975871074727221,0.00387233737892825,-0.02412892527277899,1.045402263382837,0.001539609672310064,1.0844008081589203,1.2397193887051472,0.021426243509775022,1.5289707336205847,1.6527559371499603,0.02267691451826075,1.96531861078322,3.531561424512967,0.041512227461550026,168.13387096774193,4.838796619742471,290.09999999999997,0.5976150210838796,10.65,0.024128694182726118,0.020256356803048717,0.02800103156240352,mínima,True
apf,90.0,100,100,100.0,96.30051925239981,99.99999999999999,100.0,0.0,3.699480747600191,3.0,100.0,96.30051925239981,3.2051413716279202,3.2051413716279202,4.596724175678851,4.596724175678851,0.07282826135186385,0.596724175678851,1.6632023550607455,0.027134596009941732,2.4612149860352384,4.050973519969942,0.0518723029463883,4.663709872190923,5.202021585128786,0.04501765086284448,5.726290524497595,8.57785350847223,0.05143081324375746,180.795,4.505748571965418,303.15,1.3376593132221695,19.2,0.41613655416371564,0.32218287576046056,0.5100902325669707,relevante,True
orca_nd08,90.0,100,79,79.0,70.01985069803767,85.83445046835422,80.3,0.0,3.699480747600191,96.0,79.0,70.01985069803767,3.3841858532228413,3.3841858532228413,3.853510051731266,3.8431466615404974,0.026480735915446803,-0.15685333845950256,1.0818012326341695,0.0018989185556316306,1.1017356292830338,1.3113227063359831,0.033616856144400284,2.0471771043690636,1.7703831683473483,0.02854822247446254,2.210452009122988,3.7308640413070666,0.04493560686332985,238.82278481012656,16.408112180488853,767.1,1.3433011620788147,20.849999999999998,0.15684999260512322,0.1303692565513962,0.18333072865885025,relevante,True
orca_nd18,90.0,100,85,85.0,76.71626666784216,90.6940968088377,85.9,0.0,3.699480747600191,49.0,85.0,76.71626666784216,3.475137086883678,3.475137086883678,3.9225998262499355,3.9095554666158536,0.019940886575504992,-0.09044453338414637,1.059657921430528,0.0016081746122062408,1.0756414562607575,1.261800473829598,0.02207330087162725,1.526011349004295,1.711421580958896,0.021805532741364087,1.9697184441414877,3.701189618557831,0.03998980795878326,208.73823529411763,24.63726235033945,1195.95,1.3404954061965275,22.65,0.09044391651784744,0.07050302994216727,0.11038480309352762,mínima,True
orca_nd26,90.0,100,98,98.0,92.99868370580063,99.44981477650317,98.1,0.0,3.699480747600191,56.99999999999999,98.0,92.99868370580063,3.601326476813678,3.601326476813678,3.9170180549723272,3.915351877740668,0.01628731352524915,-0.08464812225933205,1.0504805086008735,0.0013770829069655662,1.0723865885200008,1.2365134915384144,0.02121013228557461,1.5560770524322096,1.6802699798149825,0.02247055907234244,1.9770975773353432,3.603670569715785,0.03992243778261969,167.73367346938775,3.1349970075892766,228.6,1.3373560282625592,21.45,0.08464789116927918,0.06836057764385163,0.10093520469470672,mínima,True
apf,91.0,100,100,100.0,96.30051925239981,99.99999999999999,100.0,0.0,3.699480747600191,7.000000000000001,100.0,96.30051925239981,3.327260447297755,3.327260447297755,4.509585352988503,4.509585352988503,0.07325102004084397,0.5095853529885028,1.6828630014822263,0.0339719398751928,2.998804349863701,4.059011406925877,0.05240473623294921,4.738516530891866,5.205391922637937,0.042936392433243854,5.695927839407469,8.590120950534729,0.04104453726913408,183.09449999999998,5.666509485616914,412.2,1.501659232720327,20.25,0.5032753768540639,0.40899626239275666,0.5975544913153711,relevante,True
orca_nd08,91.0,100,78,78.0,68.9294652849997,84.9988254963442,79.2,0.0,3.699480747600191,96.0,78.0,68.9294652849997,3.4027681887969625,3.4558658202449166,3.8189778995089556,3.824041370366386,0.021719572360712244,-0.1759586296336142,1.0814550635992535,0.0020903129681146687,1.1127948901803402,1.3064147070046748,0.027845947979731125,1.6137518117620882,1.7779979789279898,0.028419206319253345,2.0806913662409476,3.7710910939508313,0.044271681982087904,231.7423076923077,16.29672468396524,765.3,1.5069969397805028,23.55,0.17595528377923486,0.1542357112500104,0.19767485630845932,relevante,True
orca_nd18,91.0,100,90,90.0,82.56326956323346,94.4771458386864,90.6,0.0,3.699480747600191,54.0,90.0,82.56326956323346,3.46657485229662,3.46657485229662,3.9182003094884146,3.9098300124543983,0.019404828060522423,-0.09016998754560168,1.0608498156962447,0.0017205203437637674,1.082996807447941,1.2656063803449111,0.02596341960396386,1.9216808545482824,1.7237604374744482,0.023851096250019542,2.1132822828432487,3.7351612890968213,0.03669135727891507,203.86666666666665,13.505823699373094,608.85,1.503465529282814,21.45,0.09016937067930275,0.07076454261859996,0.10957419874000554,mínima,True
orca_nd26,91.0,100,100,100.0,96.30051925239981,99.99999999999999,100.0,0.0,3.699480747600191,63.0,100.0,96.30051925239981,3.614356938870366,3.614356938870366,3.913334770730487,3.913334770730487,0.013832589290645136,-0.08666522926951314,1.0498340716154801,0.0014328233896401517,1.0726092888779555,1.1952970706889212,0.01895007715816165,1.5057768103711218,1.6355889980428386,0.020357343037549765,1.9720609798392588,3.5181592560065824,0.037692020962556194,165.0045,2.73823721895194,212.1,1.5011696749864272,20.25,0.08666499817946027,0.07283240888860497,0.10049758747031558,mínima,True
apf,92.0,100,100,100.0,96.30051925239981,99.99999999999999,100.0,0.0,3.699480747600191,11.0,100.0,96.30051925239981,3.4083822370606356,3.4083822370606356,4.428470198952409,4.428470198952409,0.06935899314414948,0.4284701989524091,1.7474299709480914,0.07171737862702567,5.058287726835933,4.077611255087609,0.06179206146775444,4.848029498581471,5.2187362765343845,0.052429613412043385,5.854077514142979,8.570770027598382,0.0446734365398284,193.053,12.754775619361412,797.1,1.7061778694925522,26.849999999999998,0.5843905308901576,0.4930765179163613,0.6757045438639538,relevante,True
orca_nd08,92.0,100,85,85.0,76.71626666784216,90.6940968088377,86.4,0.0,3.699480747600191,97.0,85.0,76.71626666784216,2.8462170447889767,3.1629810874000426,3.7932153864069367,3.8053415860205195,0.027934579647564205,-0.19465841397948047,1.0866562371755786,0.0018045270482579883,1.1092939257187389,1.3182804315656347,0.027138250260813974,1.681723774410432,1.7787482109873083,0.022151365630802004,2.0502031885316403,3.776296996387407,0.03602868180376927,250.76470588235293,20.257989581318384,886.35,1.7108045274631367,26.849999999999998,0.19465506812510114,0.16672048834611106,0.22258964790409122,relevante,True
orca_nd18,92.0,100,96,96.0,90.16278276739263,98.4336949448152,96.4,0.0,3.699480747600191,73.0,96.0,90.16278276739263,3.413262929724779,3.413262929724779,3.8989472601297774,3.895208697775696,0.01817529247337752,-0.10479130222430388,1.0621761478466956,0.0015654982395960388,1.0880452897593567,1.2675570031252577,0.026752883112254967,2.2084418212263843,1.730700426087442,0.022796665442801078,2.3775537275344525,3.7618241861664927,0.03666319232602797,205.171875,15.61685291209507,808.35,1.7062755781841106,26.849999999999998,0.10479068535800495,0.08661539288443448,0.12296597783157542,relevante,True
orca_nd26,92.0,100,100,100.0,96.30051925239981,99.99999999999999,100.0,0.0,3.699480747600191,65.0,100.0,96.30051925239981,3.368210393302667,3.368210393302667,3.8950857102696945,3.8950857102696945,0.0203569940344409,-0.10491428973030548,1.0522188103223409,0.001526103173624792,1.0776740139372014,1.2234928625116919,0.02858512893507304,1.7678525730212737,1.6584935210422183,0.028358725287661767,2.089142919935795,3.567115458811431,0.04790570631938476,175.668,8.587725142206345,566.1,1.703900052350521,26.849999999999998,0.1049140586402526,0.08455706460566889,0.12527105267483632,relevante,True
apf,93.0,100,100,100.0,96.30051925239981,99.99999999999999,100.0,0.0,3.699480747600191,21.0,100.0,96.30051925239981,2.608131139350666,2.608131139350666,4.265223131886853,4.265223131886853,0.08740683502724647,0.2652231318868532,1.7644892893974051,0.03279507337179225,2.655466779699906,4.125047683270421,0.0643272317250748,5.389682290248724,5.268986279043153,0.05340485609965553,6.310211563376674,8.584991890851875,0.04257654619407146,193.35299999999998,4.454813077782396,277.2,1.9681295982236442,30.9,0.7476375979557135,0.6420525514982742,0.8532226444131528,relevante,True
orca_nd08,93.0,100,86,86.0,77.86263961619277,91.4737342455351,88.0,0.0,3.699480747600191,99.0,86.0,77.86263961619277,1.3606081496311166,1.3606081496311166,3.6498717989995506,3.656098603938727,0.08145136225807359,-0.3439013960612729,1.0911946178112784,0.001863582952898136,1.1183568953294039,1.3269758473480184,0.03225888282238632,1.8044942889507791,1.8035054195897673,0.028467293615722943,2.1402486321543885,3.8148575038467993,0.044052001042531985,240.78837209302324,19.256552996705988,874.1999999999999,1.9738625204853453,30.9,0.34389805020689357,0.26244668790372827,0.42534941251005887,relevante,True
orca_nd18,93.0,100,93,93.0,86.25032899347025,96.5681175635936,93.7,0.0,3.699480747600191,80.0,93.0,86.25032899347025,2.894828174769487,2.894828174769487,3.8367503005163184,3.82529184451939,0.03649168881123472,-0.17470815548061003,1.062840832702366,0.0016300711703049996,1.0863630026542241,1.2678937995092758,0.023691277426415313,1.613939047468912,1.7333618108726778,0.022891588925611762,2.046449741047634,3.7605203342520808,0.03456209900061432,197.02096774193546,8.218546547906929,469.79999999999995,1.9691394672382243,30.9,0.1747075386143111,0.13821584980298038,0.21119922742564182,relevante,True
orca_nd26,93.0,100,99,99.0,94.55124752390654,99.82326134344525,99.0,0.0,3.699480747600191,89.0,99.0,94.55124752390654,3.2632871030096826,3.2632871030096826,3.8423808507394446,3.840788758871027,0.02585379143401573,-0.15921124112897278,1.0562548361167676,0.001776990944225118,1.0837298512096107,1.2432289843342341,0.027140961795578507,1.6110378111019759,1.6902098248271573,0.0283866659724529,2.020767253737295,3.6286822055869226,0.04905781835848773,175.37575757575758,4.460187239508232,276.45,1.9662898526178143,30.9,0.1592110100389199,0.13335721860479177,0.18506480147304805,relevante,True
apf,94.0,100,100,100.0,96.30051925239981,99.99999999999999,100.0,0.0,3.699480747600191,30.0,100.0,96.30051925239981,2.162452528164003,2.162452528164003,4.1702697273168745,4.1702697273168745,0.10268488717646045,0.1702697273168745,1.8374841788093663,0.07021193016183162,4.642479594495041,4.1718735598674295,0.05829084566917932,5.4180866674452925,5.300967205644806,0.0477021218896463,6.186017615595069,8.610962279894922,0.040891019346075044,203.385,12.50266071245606,740.55,2.317065007164194,34.199999999999996,0.8425910025256922,0.7240982051283712,0.9610837999230132,relevante,True
orca_nd08,94.0,100,87,87.0,79.01947810519012,92.24290614158575,87.9,0.0,3.699480747600191,100.0,87.0,79.01947810519012,1.892485359772806,1.892485359772806,3.50576600680907,3.4995323344854112,0.08017030276166749,-0.5004676655145888,1.0977943351931085,0.0024934131818716517,1.132534719405452,1.3252524499406797,0.032607878173177965,2.024989577865885,1.804129087422191,0.028354724514791332,2.2381392320094204,3.8052770430294447,0.045211012792698256,237.33275862068965,17.33376072013888,799.8,2.3230821801295054,34.199999999999996,0.5004643196602094,0.420294016852712,0.5806346224677068,relevante,True
orca_nd18,94.0,100,94,94.0,87.52303146877748,97.22142547333434,94.3,0.0,3.699480747600191,83.0,94.0,87.52303146877748,2.6175202069379613,2.6175202069379613,3.7915987805804323,3.7800829907822533,0.051357191913796105,-0.2199170092177467,1.0660210859860124,0.001618021387520495,1.0856981314619178,1.2493926150933994,0.024745942537742954,1.6067786719437263,1.7178039117981674,0.02532203357289774,2.1062845092787432,3.721298620193914,0.040777882248697286,193.9340425531915,5.884090705754031,306.75,2.317138008340849,34.199999999999996,0.21991639235144778,0.16855920043758343,0.2712735842653121,relevante,True
orca_nd26,94.0,100,98,98.0,92.99868370580063,99.44981477650317,98.0,0.0,3.699480747600191,87.0,98.0,92.99868370580063,3.2036025337603578,3.2036025337603578,3.770040060160687,3.765347041558472,0.037160615401161314,-0.234652958441528,1.0574267107359252,0.0019033147229441658,1.0988397501698786,1.2342074061983421,0.028001879838036477,1.6925770272168255,1.6789291598932048,0.028650628564377795,2.085082247314924,3.6045005723422006,0.05076521024269908,186.95816326530613,26.260363568238883,1451.1,2.315471037556658,34.199999999999996,0.23465272735147513,0.19749211195023564,0.2718133427527146,relevante,True
apf,95.0,100,100,100.0,96.30051925239981,99.99999999999999,100.0,0.0,3.699480747600191,40.0,100.0,96.30051925239981,2.2182867720049395,2.2182867720049395,3.9709233874240653,3.9709233874240653,0.10291296623523458,-0.029076612575934746,1.8345861299880966,0.04075618809003752,3.1566257994520885,4.259851831354482,0.06009925101456213,5.220635740119478,5.3809853535342755,0.050149403603157616,6.221324512284827,8.654658682107225,0.04359282478310587,199.8015,6.520848262390198,395.84999999999997,2.800580189359081,36.15,1.0419373424185014,0.9232474817259829,1.1606272031110199,relevante,True
orca_nd08,95.0,100,86,86.0,77.86263961619277,91.4737342455351,87.1,0.0,3.699480747600191,100.0,86.0,77.86263961619277,1.600622307504613,1.600622307504613,3.2945383586910375,3.3033452595730832,0.10706821562045861,-0.6966547404269168,1.1059836390297026,0.0032759812070961734,1.1635417350195938,1.2935678709460836,0.03749938362144457,1.9744166140138795,1.7725374173069621,0.034043995677551904,2.411630301549109,3.7791485713020276,0.048754493846632566,238.33779069767442,13.17469675437022,546.3,2.818087977622872,40.5,0.6966513945725374,0.5895831789177757,0.8037196102272992,relevante,True
orca_nd18,95.0,100,97,97.0,91.5479219195973,98.9745661776585,97.3,0.0,3.699480747600191,94.0,97.0,91.5479219195973,2.486350789147384,2.486350789147384,3.7191128737218793,3.711538134360961,0.04954986717520643,-0.288461865639039,1.069812223372905,0.0019794362000864164,1.0975432972259556,1.2934727901551215,0.026721254263694472,1.8230130161735836,1.7717475797667817,0.025131202838847663,2.0593527405351475,3.826351622791553,0.04145666770368855,209.91804123711339,24.014208752386082,1309.8,2.8036580868209575,49.05,0.28846124877274004,0.23891138159746284,0.33801111594801725,relevante,True
orca_nd26,95.0,100,96,96.0,90.16278276739263,98.4336949448152,96.0,0.0,3.699480747600191,93.0,96.0,90.16278276739263,2.511175319797597,2.511175319797597,3.668050646971986,3.654337550731503,0.05477520110358388,-0.345662449268497,1.0610358379010747,0.0019341578616904635,1.096506251916546,1.2318762913664996,0.023431086080335697,1.6384721333150125,1.6932416177823033,0.025035514779744094,2.109407796361446,3.649132961838615,0.045092544549550126,173.2328125,3.455646158378985,262.05,2.797535096388501,36.15,0.3456622181784441,0.29088701707480724,0.400437419282081,relevante,True
apf,96.0,100,99,99.0,94.55124752390654,99.82326134344525,99.5,4.0,9.837217232607372,74.0,95.0,88.82480347279117,0.7805247064077852,0.7805247064077852,3.4016790167325515,3.3959463620292314,0.16047851198801935,-0.6040536379707686,1.9499198839925391,0.07486530782779485,5.110260205906182,4.2633575880215435,0.06871706220271644,5.073361751859252,5.389003047836799,0.059318303373874476,6.070910480601672,8.636297602985303,0.04863794190855292,217.5621212121212,12.697973946130222,775.35,3.5266038585533943,57.599999999999994,1.6169143678133353,1.445961853122604,1.7878668825040667,relevante,True
orca_nd08,96.0,100,95,95.0,88.82480347279117,97.84566385436864,95.5,0.0,3.699480747600191,100.0,95.0,88.82480347279117,1.2178814623780734,1.2178814623780734,2.874414134054351,2.8403888508459194,0.11062599017180226,-1.1596111491540806,1.1259764436290105,0.003689493349528762,1.170583666580395,1.3410205811388458,0.041058945082839235,2.441685516474319,1.8330819565637997,0.03571835737991138,2.6014759920580763,3.87010437550729,0.048680609394329076,241.15421052631578,20.39158442109811,874.9499999999999,3.53566274716729,57.599999999999994,1.1596078032997013,1.048981813094594,1.2702337935048085,relevante,True
orca_nd18,96.0,100,97,97.0,91.5479219195973,98.9745661776585,97.6,0.0,3.699480747600191,99.0,97.0,91.5479219195973,1.0857534045254371,1.0857534045254371,3.5196641880362467,3.507093689147927,0.09647076589005238,-0.49290631085207304,1.0776070512531233,0.002385178662527412,1.1272521476118293,1.2739673788595702,0.026264290725081425,1.6818342823238956,1.7696624374495094,0.025595871135725357,2.0955254879317873,3.8302053983091366,0.04483441103705096,201.5381443298969,17.661823033087437,1019.6999999999999,3.5208030825575127,57.599999999999994,0.4929056939857741,0.39643492809568537,0.5893764598758628,relevante,True
orca_nd26,96.0,100,100,100.0,96.30051925239981,99.99999999999999,100.0,0.0,3.699480747600191,100.0,100.0,96.30051925239981,1.004261452382273,1.004261452382273,3.4580174264178964,3.4580174264178964,0.09234440468163604,-0.5419825735821036,1.0651947973833549,0.002002154739496934,1.0964272362653609,1.225090006627441,0.021924487210161717,1.550810363915599,1.6978368125875518,0.025137679707885753,2.0536315217196277,3.6751955467820934,0.04890690773552931,171.16649999999998,3.157983284233271,234.14999999999998,3.5094416729352464,57.599999999999994,0.5419823424920507,0.4496379378103832,0.6343267471737182,relevante,True
apf,97.0,100,100,100.0,96.30051925239981,99.99999999999999,100.0,4.0,9.837217232607372,93.0,96.0,90.16278276739263,0.176957513193087,0.176957513193087,2.7348728609087236,2.7348728609087236,0.17873017633266822,-1.2651271390912764,1.9934057586163836,0.04082217665240969,2.693339738441917,4.3314698636878175,0.07348577701531535,5.319829960189899,5.444418838993341,0.05996474154308225,6.229643875281804,8.664561221080849,0.048999987669115716,220.287,5.36229425700075,315.9,4.728984519461181,68.85,2.277987868933843,2.089805015371764,2.466170722495922,relevante,True
orca_nd08,97.0,100,94,94.0,87.52303146877748,97.22142547333434,94.2,3.0,8.452078080402698,100.0,91.0,83.77362530335634,0.5028477053894936,0.5028477053894936,2.295421700848256,2.287324652751767,0.13990727470831565,-1.7126753472482328,1.1503571286326824,0.004872144266241642,1.2122107297088311,1.3355939691099954,0.02600769127099719,1.636898433541542,1.856147776389323,0.025745023781003722,2.126577775241524,3.957372289543069,0.04550680249523856,223.4345744680851,8.861878100893442,386.55,4.7344668814755195,68.85,1.7126720013938534,1.5727647266592115,1.8525792761284954,relevante,True
orca_nd18,97.0,100,100,100.0,96.30051925239981,99.99999999999999,100.0,1.0,5.4487524760934605,100.0,99.0,94.55124752390654,0.7929489341711435,0.7929489341711435,3.1297572231963304,3.1297572231963304,0.1136676287110949,-0.8702427768036696,1.0889868423128204,0.0028468110072920206,1.1517182314998031,1.2788722225016778,0.02331085353678288,1.576089208201044,1.7898865471069303,0.02675445894050223,2.0605076379081217,3.8900962473064085,0.05226736397108893,189.2265,5.054369800951907,301.34999999999997,4.708881903972509,68.85,0.8702421599373706,0.7565745312262449,0.9839097886484964,relevante,True
orca_nd26,97.0,100,98,98.0,92.99868370580063,99.44981477650317,98.3,1.0,5.4487524760934605,98.0,97.0,91.5479219195973,0.2986371027539971,0.2986371027539971,3.287570628769657,3.2739761581863247,0.11681720455028487,-0.7260238418136753,1.071789397642144,0.002445051190053994,1.1028648490415773,1.2474235212249194,0.027655265164272507,1.6999479876829355,1.728681518525691,0.03144462339835119,2.2210052142451735,3.7282210889877483,0.053172991385914574,173.73367346938775,3.8658920224151303,274.8,4.696367865867599,68.85,0.7260236107236224,0.6092064061733127,0.8428408152739322,relevante,True
apf,98.0,100,100,100.0,96.30051925239981,99.99999999999999,100.0,17.0,25.548181233642975,100.0,83.0,74.45181876635702,0.1987299592491597,0.1987299592491597,1.9285875790383868,1.9285875790383868,0.18778290571213854,-2.071412420961613,2.0408017684996675,0.04999608619634509,2.9649619744011186,4.299651604255449,0.08227242744116968,5.458105570735131,5.45086866283584,0.06824357187838369,6.257206185841463,8.772148116635003,0.049649175676225496,231.6555,6.9947896719033595,370.34999999999997,7.074394763842964,96.6,3.08427315080418,2.8874759682658233,3.2810703333425364,relevante,True
orca_nd08,98.0,100,100,100.0,96.30051925239981,99.99999999999999,100.0,26.0,35.37117263186163,100.0,74.0,64.62882736813837,0.17779683615171793,0.17779683615171793,1.4246931846112003,1.4246931846112003,0.12597308898908183,-2.5753068153887995,1.1979714941602237,0.006088294734051482,1.3034753710010258,1.2978820283826988,0.02554751653153529,1.6317518212117534,1.8545774656147873,0.02909218033477796,2.2369193568289623,4.004748287689834,0.04488803792273872,207.7995,8.445661339069552,487.2,7.053137011494935,96.6,2.57530346953442,2.4493303805160473,2.701276558552793,relevante,True
orca_nd18,98.0,100,99,99.0,94.55124752390654,99.82326134344525,99.3,3.0,8.452078080402698,100.0,96.0,90.16278276739263,0.12421233937597563,0.12421233937597563,2.456710226336226,2.444701656324677,0.14686570770351454,-1.555298343675323,1.1159239186994325,0.004392265075749612,1.1676238973296038,1.2966798356024074,0.030161994811852486,1.7386291465120276,1.8419684503790599,0.035070435070066366,2.3463970062865234,4.0005231690453416,0.06371506333722093,183.55757575757576,3.777402173446578,240.89999999999998,7.020161831455222,96.6,1.555297726809024,1.4084320191054855,1.7021634345125625,relevante,True
orca_nd26,98.0,100,100,100.0,96.30051925239981,99.99999999999999,100.0,6.0,12.476968531222507,100.0,94.0,87.52303146877748,0.3685400107496417,0.3685400107496417,2.509344870707332,2.509344870707332,0.15438044269535128,-1.490655129292668,1.095897885286555,0.004385615003172933,1.1821120237400693,1.2780980737885121,0.029124466152399248,1.7893874144416433,1.7823825262236401,0.03215856338970613,2.281096657975389,3.8236171807875667,0.05302154340475644,173.265,3.3465086439995178,231.29999999999998,6.9878770284789224,96.6,1.490654898202615,1.336274455507245,1.6450353408979852,relevante,True
apf,99.0,100,100,100.0,96.30051925239981,99.99999999999999,100.0,65.0,73.63589534652198,100.0,35.0,26.36410465347802,0.033021096167070066,0.033021096167070066,0.8414586555723736,0.8414586555723736,0.11194307127594816,-3.1585413444276265,1.8104263948358468,0.04199499679427334,2.660637360338354,3.797116402692903,0.0762239591749393,4.846034135910735,5.069539433511689,0.06872511471582789,5.821004914212166,8.824511899342122,0.07033346202786254,219.9255,7.751612209811884,392.09999999999997,13.692613074946417,158.4,4.171402074270193,4.044824385262655,4.2979797632777315,relevante,True
orca_nd08,99.0,100,100,100.0,96.30051925239981,99.99999999999999,100.0,82.0,88.29986834574896,100.0,18.0,11.700131654251038,0.018250844564022668,0.018250844564022668,0.6196445295669012,0.6196445295669012,0.07391450635437814,-3.380355470433099,1.2221311124097418,0.007250969111078605,1.3143576715964707,1.2259068437796041,0.028729775720447,1.669184169810194,1.8300805750505134,0.0346567544625075,2.3715536520822176,4.09768757479476,0.056903888976237174,178.8495,4.274728752766381,252.29999999999998,13.366927527549313,147.75,3.3803521245787196,3.3064376181744204,3.454266630983019,relevante,True
orca_nd18,99.0,100,100,100.0,96.30051925239981,99.99999999999999,100.0,45.0,54.75557296835656,100.0,55.00000000000001,45.24442703164345,0.051170401520703825,0.051170401520703825,1.0967102592877427,1.0967102592877427,0.10679844540702717,-2.9032897407122573,1.1538970621562232,0.005284619727322278,1.2291132188345504,1.3007992769448657,0.026649611072697376,1.6122147065463406,1.8922800543347404,0.031089915399548224,2.2521478721828228,4.1455952238914655,0.05238656929662557,170.80349999999999,3.1077052311133593,227.54999999999998,13.325255709649987,147.75,2.9032891238459584,2.7964906784388983,3.0100875692530185,relevante,True
orca_nd26,99.0,100,100,100.0,96.30051925239981,99.99999999999999,100.0,28.999999999999996,38.539074940007936,100.0,71.0,61.460925059992064,0.24771255546286172,0.24771255546286172,1.3809006061755997,1.3809006061755997,0.12043818140901083,-2.6190993938244,1.1311498375941558,0.005685726170303586,1.2268066807608289,1.3317841580130716,0.03007514724012144,1.741219194762504,1.896210279590294,0.03507546277355766,2.3103233346392273,4.116677448060223,0.060822317033439134,169.68449999999999,2.5888444777771262,205.95,13.31035374549342,146.1,2.619099162734347,2.4986609813253122,2.739537344143382,relevante,True
apf,100.0,100,100,100.0,96.30051925239981,99.99999999999999,100.0,100.0,99.99999999999999,100.0,0.0,0.0,0.00025107375798969427,0.00025107375798969427,0.00025107375798969427,0.00025107375798969427,0.0,-3.9997489262420105,1.0,0.0,1.0,7.055506660396567e-15,0.0,7.055506660396567e-15,9.34634548630137e-15,0.0,9.34634548630137e-15,2.0713902627019062e-14,0.0,90.89999999999999,0.0,90.89999999999999,,,5.012609656084577,4.952368235027192,5.072851077141962,relevante,True
orca_nd08,100.0,100,100,100.0,96.30051925239981,99.99999999999999,100.0,100.0,99.99999999999999,100.0,0.0,0.0,0.0029339649132964613,0.0029339649132964613,0.01029315068548121,0.01029315068548121,0.0006321077170846315,-3.9897068493145187,1.0003096912219476,7.149043230597843e-07,1.0003179545276448,0.006443665333103122,6.566355124014686e-05,0.0072664054969916615,0.007297453350672806,7.363982815862584e-05,0.008347466131854503,0.017017950194346525,0.00019464782381016057,91.4265,0.0149536064057882,91.5,,,3.9897035034601394,3.9890713899056176,3.990335617014661,relevante,True
orca_nd18,100.0,100,100,100.0,96.30051925239981,99.99999999999999,100.0,100.0,99.99999999999999,100.0,0.0,0.0,0.0029339649132964613,0.0029339649132964613,0.01029315068548121,0.01029315068548121,0.0006321077170846315,-3.9897068493145187,1.0003096912219476,7.149043230597843e-07,1.0003179545276448,0.006443665333103122,6.566355124014686e-05,0.0072664054969916615,0.007297453350672806,7.363982815862584e-05,0.008347466131854503,0.017017950194346525,0.00019464782381016057,91.4265,0.0149536064057882,91.5,,,3.9897062324482198,3.9890741247255805,3.990338340170859,relevante,True
orca_nd26,100.0,100,100,100.0,96.30051925239981,99.99999999999999,100.0,100.0,99.99999999999999,100.0,0.0,0.0,0.0029339649132964613,0.0029339649132964613,0.01029315068548121,0.01029315068548121,0.0006321077170846315,-3.9897068493145187,1.0003096912219476,7.149043230597843e-07,1.0003179545276448,0.006443665333103122,6.566355124014686e-05,0.0072664054969916615,0.007297453350672806,7.363982815862584e-05,0.008347466131854503,0.017017950194346525,0.00019464782381016057,91.4265,0.0149536064057882,91.5,,,3.989706618224466,3.989074510502782,3.99033872594615,relevante,True
